Date,Trial_Day,Plate,Condition,Count_Trial,Cell_Count
18-Feb,Day 1,A,Control,1,38
18-Feb,Day 1,A,Control,2,54
18-Feb,Day 1,A,Control,3,31
18-Feb,Day 1,A,Control,4,40
18-Feb,Day 1,A,Control,5,66
18-Feb,Day 1,A,Control,6,46
18-Feb,Day 1,A,Control,7,110
18-Feb,Day 1,A,Control,8,44
18-Feb,Day 1,A,Control,9,62
18-Feb,Day 1,A,Control,10,96
18-Feb,Day 1,A,Control,11,31
18-Feb,Day 1,A,Control,12,24
18-Feb,Day 1,B,Control,1,62
18-Feb,Day 1,B,Control,2,51
18-Feb,Day 1,B,Control,3,38
18-Feb,Day 1,B,Control,4,46
18-Feb,Day 1,B,Control,5,23
18-Feb,Day 1,B,Control,6,28
18-Feb,Day 1,B,Control,7,90
18-Feb,Day 1,B,Control,8,41
18-Feb,Day 1,B,Control,9,52
18-Feb,Day 1,B,Control,10,36
18-Feb,Day 1,B,Control,11,37
18-Feb,Day 1,B,Control,12,79
18-Feb,Day 1,C,B-Field,1,53
18-Feb,Day 1,C,B-Field,2,66
18-Feb,Day 1,C,B-Field,3,46
18-Feb,Day 1,C,B-Field,4,37
18-Feb,Day 1,C,B-Field,5,59
18-Feb,Day 1,C,B-Field,6,66
18-Feb,Day 1,C,B-Field,7,48
18-Feb,Day 1,C,B-Field,8,61
18-Feb,Day 1,C,B-Field,9,40
18-Feb,Day 1,C,B-Field,10,77
18-Feb,Day 1,C,B-Field,11,72
18-Feb,Day 1,C,B-Field,12,59
18-Feb,Day 1,D,B-Field,1,37
18-Feb,Day 1,D,B-Field,2,25
18-Feb,Day 1,D,B-Field,3,67
18-Feb,Day 1,D,B-Field,4,35
18-Feb,Day 1,D,B-Field,5,42
18-Feb,Day 1,D,B-Field,6,24
18-Feb,Day 1,D,B-Field,7,63
18-Feb,Day 1,D,B-Field,8,31
18-Feb,Day 1,D,B-Field,9,44
18-Feb,Day 1,D,B-Field,10,79
18-Feb,Day 1,D,B-Field,11,41
18-Feb,Day 1,D,B-Field,12,35
19-Feb,Day 2,A,Control,1,25
19-Feb,Day 2,A,Control,2,21
19-Feb,Day 2,A,Control,3,35
19-Feb,Day 2,A,Control,4,27
19-Feb,Day 2,A,Control,5,73
19-Feb,Day 2,A,Control,6,39
19-Feb,Day 2,A,Control,7,33
19-Feb,Day 2,A,Control,8,41
19-Feb,Day 2,A,Control,9,64
19-Feb,Day 2,A,Control,10,31
19-Feb,Day 2,A,Control,11,38
19-Feb,Day 2,A,Control,12,63
19-Feb,Day 2,B,Control,1,39
19-Feb,Day 2,B,Control,2,42
19-Feb,Day 2,B,Control,3,27
19-Feb,Day 2,B,Control,4,25
19-Feb,Day 2,B,Control,5,41
19-Feb,Day 2,B,Control,6,18
19-Feb,Day 2,B,Control,7,67
19-Feb,Day 2,B,Control,8,37
19-Feb,Day 2,B,Control,9,43
19-Feb,Day 2,B,Control,10,26
19-Feb,Day 2,B,Control,11,16
19-Feb,Day 2,B,Control,12,25
19-Feb,Day 2,C,B-Field,1,47
19-Feb,Day 2,C,B-Field,2,27
19-Feb,Day 2,C,B-Field,3,42
19-Feb,Day 2,C,B-Field,4,72
19-Feb,Day 2,C,B-Field,5,39
19-Feb,Day 2,C,B-Field,6,75
19-Feb,Day 2,C,B-Field,7,59
19-Feb,Day 2,C,B-Field,8,38
19-Feb,Day 2,C,B-Field,9,92
19-Feb,Day 2,C,B-Field,10,71
19-Feb,Day 2,C,B-Field,11,95
19-Feb,Day 2,C,B-Field,12,117
19-Feb,Day 2,D,B-Field,1,35
19-Feb,Day 2,D,B-Field,2,30
19-Feb,Day 2,D,B-Field,3,26
19-Feb,Day 2,D,B-Field,4,41
19-Feb,Day 2,D,B-Field,5,101
19-Feb,Day 2,D,B-Field,6,40
19-Feb,Day 2,D,B-Field,7,57
19-Feb,Day 2,D,B-Field,8,50
19-Feb,Day 2,D,B-Field,9,63
19-Feb,Day 2,D,B-Field,10,73
19-Feb,Day 2,D,B-Field,11,29
19-Feb,Day 3,D,B-Field,12,40
20-Feb,Day 3,A,Control,1,36
20-Feb,Day 3,A,Control,2,85
20-Feb,Day 3,A,Control,3,40
20-Feb,Day 3,A,Control,4,24
20-Feb,Day 3,A,Control,5,52
20-Feb,Day 3,A,Control,6,27
20-Feb,Day 3,A,Control,7,13
20-Feb,Day 3,A,Control,8,53
20-Feb,Day 3,A,Control,9,48
20-Feb,Day 3,A,Control,10,30
20-Feb,Day 3,A,Control,11,39
20-Feb,Day 3,A,Control,12,121
20-Feb,Day 3,B,Control,1,33
20-Feb,Day 3,B,Control,2,31
20-Feb,Day 3,B,Control,3,42
20-Feb,Day 3,B,Control,4,14
20-Feb,Day 3,B,Control,5,25
20-Feb,Day 3,B,Control,6,36
20-Feb,Day 3,B,Control,7,55
20-Feb,Day 3,B,Control,8,31
20-Feb,Day 3,B,Control,9,70
20-Feb,Day 3,B,Control,10,57
20-Feb,Day 3,B,Control,11,30
20-Feb,Day 3,B,Control,12,50
20-Feb,Day 3,C,B-Field,1,96
20-Feb,Day 3,C,B-Field,2,73
20-Feb,Day 3,C,B-Field,3,49
20-Feb,Day 3,C,B-Field,4,56
20-Feb,Day 3,C,B-Field,5,53
20-Feb,Day 3,C,B-Field,6,45
20-Feb,Day 3,C,B-Field,7,63
20-Feb,Day 3,C,B-Field,8,66
20-Feb,Day 3,C,B-Field,9,113
20-Feb,Day 3,C,B-Field,10,81
20-Feb,Day 3,C,B-Field,11,62
20-Feb,Day 3,C,B-Field,12,134
20-Feb,Day 3,D,B-Field,1,146
20-Feb,Day 3,D,B-Field,2,47
20-Feb,Day 3,D,B-Field,3,54
20-Feb,Day 3,D,B-Field,4,70
20-Feb,Day 3,D,B-Field,5,18
20-Feb,Day 3,D,B-Field,6,33
20-Feb,Day 3,D,B-Field,7,58
20-Feb,Day 3,D,B-Field,8,68
20-Feb,Day 3,D,B-Field,9,51
20-Feb,Day 3,D,B-Field,10,61
20-Feb,Day 3,D,B-Field,11,56
20-Feb,Day 3,D,B-Field,12,87
21-Feb,Day 4,A,Control,1,69
21-Feb,Day 4,A,Control,2,122
21-Feb,Day 4,A,Control,3,55
21-Feb,Day 4,A,Control,4,48
21-Feb,Day 4,A,Control,5,52
21-Feb,Day 4,A,Control,6,49
21-Feb,Day 4,A,Control,7,85
21-Feb,Day 4,A,Control,8,96
21-Feb,Day 4,A,Control,9,89
21-Feb,Day 4,A,Control,10,138
21-Feb,Day 4,A,Control,11,98
21-Feb,Day 4,A,Control,12,43
21-Feb,Day 4,B,Control,1,75
21-Feb,Day 4,B,Control,2,66
21-Feb,Day 4,B,Control,3,97
21-Feb,Day 4,B,Control,4,26
21-Feb,Day 4,B,Control,5,75
21-Feb,Day 4,B,Control,6,135
21-Feb,Day 4,B,Control,7,94
21-Feb,Day 4,B,Control,8,51
21-Feb,Day 4,B,Control,9,67
21-Feb,Day 4,B,Control,10,33
21-Feb,Day 4,B,Control,11,61
21-Feb,Day 4,B,Control,12,108
21-Feb,Day 4,C,B-Field,1,120
21-Feb,Day 4,C,B-Field,2,102
21-Feb,Day 4,C,B-Field,3,78
21-Feb,Day 4,C,B-Field,4,76
21-Feb,Day 4,C,B-Field,5,114
21-Feb,Day 4,C,B-Field,6,164
21-Feb,Day 4,C,B-Field,7,241
21-Feb,Day 4,C,B-Field,8,63
21-Feb,Day 4,C,B-Field,9,206
21-Feb,Day 4,C,B-Field,10,92
21-Feb,Day 4,C,B-Field,11,106
21-Feb,Day 4,C,B-Field,12,80
21-Feb,Day 4,D,B-Field,1,101
21-Feb,Day 4,D,B-Field,2,76
21-Feb,Day 4,D,B-Field,3,145
21-Feb,Day 4,D,B-Field,4,105
21-Feb,Day 4,D,B-Field,5,43
21-Feb,Day 4,D,B-Field,6,92
21-Feb,Day 4,D,B-Field,7,55
21-Feb,Day 4,D,B-Field,8,76
21-Feb,Day 4,D,B-Field,9,145
21-Feb,Day 4,D,B-Field,10,137
21-Feb,Day 4,D,B-Field,11,128
21-Feb,Day 4,D,B-Field,12,93
22-Feb,Day 5,A,Control,1,182
22-Feb,Day 5,A,Control,2,117
22-Feb,Day 5,A,Control,3,85
22-Feb,Day 5,A,Control,4,83
22-Feb,Day 5,A,Control,5,70
22-Feb,Day 5,A,Control,6,173
22-Feb,Day 5,A,Control,7,266
22-Feb,Day 5,A,Control,8,103
22-Feb,Day 5,A,Control,9,91
22-Feb,Day 5,A,Control,10,182
22-Feb,Day 5,A,Control,11,64
22-Feb,Day 5,A,Control,12,116
22-Feb,Day 5,B,Control,1,142
22-Feb,Day 5,B,Control,2,151
22-Feb,Day 5,B,Control,3,48
22-Feb,Day 5,B,Control,4,86
22-Feb,Day 5,B,Control,5,242
22-Feb,Day 5,B,Control,6,119
22-Feb,Day 5,B,Control,7,170
22-Feb,Day 5,B,Control,8,98
22-Feb,Day 5,B,Control,9,61
22-Feb,Day 5,B,Control,10,102
22-Feb,Day 5,B,Control,11,104
22-Feb,Day 5,B,Control,12,261
22-Feb,Day 5,C,B-Field,1,184
22-Feb,Day 5,C,B-Field,2,285
22-Feb,Day 5,C,B-Field,3,203
22-Feb,Day 5,C,B-Field,4,284
22-Feb,Day 5,C,B-Field,5,145
22-Feb,Day 5,C,B-Field,6,189
22-Feb,Day 5,C,B-Field,7,261
22-Feb,Day 5,C,B-Field,8,149
22-Feb,Day 5,C,B-Field,9,319
22-Feb,Day 5,C,B-Field,10,211
22-Feb,Day 5,C,B-Field,11,111
22-Feb,Day 5,C,B-Field,12,314
22-Feb,Day 5,D,B-Field,1,172
22-Feb,Day 5,D,B-Field,2,115
22-Feb,Day 5,D,B-Field,3,113
22-Feb,Day 5,D,B-Field,4,231
22-Feb,Day 5,D,B-Field,5,95
22-Feb,Day 5,D,B-Field,6,104
22-Feb,Day 5,D,B-Field,7,253
22-Feb,Day 5,D,B-Field,8,185
22-Feb,Day 5,D,B-Field,9,158
22-Feb,Day 5,D,B-Field,10,155
22-Feb,Day 5,D,B-Field,11,293
22-Feb,Day 5,D,B-Field,12,128
23-Feb,Day 6,A,Control,1,157
23-Feb,Day 6,A,Control,2,229
23-Feb,Day 6,A,Control,3,92
23-Feb,Day 6,A,Control,4,123
23-Feb,Day 6,A,Control,5,204
23-Feb,Day 6,A,Control,6,118
23-Feb,Day 6,A,Control,7,159
23-Feb,Day 6,A,Control,8,175
23-Feb,Day 6,A,Control,9,283
23-Feb,Day 6,A,Control,10,207
23-Feb,Day 6,A,Control,11,146
23-Feb,Day 6,A,Control,12,154
23-Feb,Day 6,B,Control,1,104
23-Feb,Day 6,B,Control,2,112
23-Feb,Day 6,B,Control,3,207
23-Feb,Day 6,B,Control,4,171
23-Feb,Day 6,B,Control,5,288
23-Feb,Day 6,B,Control,6,186
23-Feb,Day 6,B,Control,7,202
23-Feb,Day 6,B,Control,8,98
23-Feb,Day 6,B,Control,9,165
23-Feb,Day 6,B,Control,10,142
23-Feb,Day 6,B,Control,11,294
23-Feb,Day 6,B,Control,12,161
23-Feb,Day 6,C,B-Field,1,366
23-Feb,Day 6,C,B-Field,2,372
23-Feb,Day 6,C,B-Field,3,421
23-Feb,Day 6,C,B-Field,4,324
23-Feb,Day 6,C,B-Field,5,462
23-Feb,Day 6,C,B-Field,6,503
23-Feb,Day 6,C,B-Field,7,232
23-Feb,Day 6,C,B-Field,8,344
23-Feb,Day 6,C,B-Field,9,495
23-Feb,Day 6,C,B-Field,10,487
23-Feb,Day 6,C,B-Field,11,417
23-Feb,Day 6,C,B-Field,12,219
23-Feb,Day 6,D,B-Field,1,529
23-Feb,Day 6,D,B-Field,2,295
23-Feb,Day 6,D,B-Field,3,191
23-Feb,Day 6,D,B-Field,4,257
23-Feb,Day 6,D,B-Field,5,302
23-Feb,Day 6,D,B-Field,6,213
23-Feb,Day 6,D,B-Field,7,296
23-Feb,Day 6,D,B-Field,8,259
23-Feb,Day 6,D,B-Field,9,327
23-Feb,Day 6,D,B-Field,10,182
23-Feb,Day 6,D,B-Field,11,366
23-Feb,Day 6,D,B-Field,12,478
24-Feb,Day 7,A,Control,1,213
24-Feb,Day 7,A,Control,2,375
24-Feb,Day 7,A,Control,3,94
24-Feb,Day 7,A,Control,4,437
24-Feb,Day 7,A,Control,5,269
24-Feb,Day 7,A,Control,6,176
24-Feb,Day 7,A,Control,7,266
24-Feb,Day 7,A,Control,8,300
24-Feb,Day 7,A,Control,9,344
24-Feb,Day 7,A,Control,10,272
24-Feb,Day 7,A,Control,11,111
24-Feb,Day 7,A,Control,12,227
24-Feb,Day 7,B,Control,1,170
24-Feb,Day 7,B,Control,2,129
24-Feb,Day 7,B,Control,3,168
24-Feb,Day 7,B,Control,4,501
24-Feb,Day 7,B,Control,5,284
24-Feb,Day 7,B,Control,6,193
24-Feb,Day 7,B,Control,7,228
24-Feb,Day 7,B,Control,8,100
24-Feb,Day 7,B,Control,9,100
24-Feb,Day 7,B,Control,10,280
24-Feb,Day 7,B,Control,11,48
24-Feb,Day 7,B,Control,12,295
24-Feb,Day 7,C,B-Field,1,289
24-Feb,Day 7,C,B-Field,2,296
24-Feb,Day 7,C,B-Field,3,429
24-Feb,Day 7,C,B-Field,4,257
24-Feb,Day 7,C,B-Field,5,337
24-Feb,Day 7,C,B-Field,6,360
24-Feb,Day 7,C,B-Field,7,431
24-Feb,Day 7,C,B-Field,8,448
24-Feb,Day 7,C,B-Field,9,693
24-Feb,Day 7,C,B-Field,10,286
24-Feb,Day 7,C,B-Field,11,396
24-Feb,Day 7,C,B-Field,12,573
24-Feb,Day 7,D,B-Field,1,660
24-Feb,Day 7,D,B-Field,2,253
24-Feb,Day 7,D,B-Field,3,534
24-Feb,Day 7,D,B-Field,4,255
24-Feb,Day 7,D,B-Field,5,233
24-Feb,Day 7,D,B-Field,6,243
24-Feb,Day 7,D,B-Field,7,364
24-Feb,Day 7,D,B-Field,8,410
24-Feb,Day 7,D,B-Field,9,844
24-Feb,Day 7,D,B-Field,10,286
24-Feb,Day 7,D,B-Field,11,310
24-Feb,Day 7,D,B-Field,12,337
25-Feb,Day 1,A,Control,1,28
25-Feb,Day 1,A,Control,2,39
25-Feb,Day 1,A,Control,3,56
25-Feb,Day 1,A,Control,4,49
25-Feb,Day 1,A,Control,5,24
25-Feb,Day 1,A,Control,6,67
25-Feb,Day 1,A,Control,7,135
25-Feb,Day 1,A,Control,8,43
25-Feb,Day 1,A,Control,9,16
25-Feb,Day 1,A,Control,10,34
25-Feb,Day 1,A,Control,11,38
25-Feb,Day 1,A,Control,12,48
25-Feb,Day 1,B,Control,1,28
25-Feb,Day 1,B,Control,2,27
25-Feb,Day 1,B,Control,3,65
25-Feb,Day 1,B,Control,4,59
25-Feb,Day 1,B,Control,5,71
25-Feb,Day 1,B,Control,6,31
25-Feb,Day 1,B,Control,7,73
25-Feb,Day 1,B,Control,8,127
25-Feb,Day 1,B,Control,9,28
25-Feb,Day 1,B,Control,10,55
25-Feb,Day 1,B,Control,11,36
25-Feb,Day 1,B,Control,12,32
25-Feb,Day 1,C,B-Field,1,104
25-Feb,Day 1,C,B-Field,2,25
25-Feb,Day 1,C,B-Field,3,21
25-Feb,Day 1,C,B-Field,4,33
25-Feb,Day 1,C,B-Field,5,42
25-Feb,Day 1,C,B-Field,6,64
25-Feb,Day 1,C,B-Field,7,35
25-Feb,Day 1,C,B-Field,8,30
25-Feb,Day 1,C,B-Field,9,22
25-Feb,Day 1,C,B-Field,10,25
25-Feb,Day 1,C,B-Field,11,43
25-Feb,Day 1,C,B-Field,12,24
25-Feb,Day 1,D,B-Field,1,30
25-Feb,Day 1,D,B-Field,2,27
25-Feb,Day 1,D,B-Field,3,26
25-Feb,Day 1,D,B-Field,4,25
25-Feb,Day 1,D,B-Field,5,38
25-Feb,Day 1,D,B-Field,6,50
25-Feb,Day 1,D,B-Field,7,33
25-Feb,Day 1,D,B-Field,8,38
25-Feb,Day 1,D,B-Field,9,65
25-Feb,Day 1,D,B-Field,10,15
25-Feb,Day 1,D,B-Field,11,41
25-Feb,Day 1,D,B-Field,12,38
26-Feb,Day 2,A,Control,1,22
26-Feb,Day 2,A,Control,2,24
26-Feb,Day 2,A,Control,3,80
26-Feb,Day 2,A,Control,4,73
26-Feb,Day 2,A,Control,5,42
26-Feb,Day 2,A,Control,6,40
26-Feb,Day 2,A,Control,7,52
26-Feb,Day 2,A,Control,8,55
26-Feb,Day 2,A,Control,9,29
26-Feb,Day 2,A,Control,10,61
26-Feb,Day 2,A,Control,11,58
26-Feb,Day 2,A,Control,12,63
26-Feb,Day 2,B,Control,1,33
26-Feb,Day 2,B,Control,2,34
26-Feb,Day 2,B,Control,3,62
26-Feb,Day 2,B,Control,4,46
26-Feb,Day 2,B,Control,5,14
26-Feb,Day 2,B,Control,6,21
26-Feb,Day 2,B,Control,7,52
26-Feb,Day 2,B,Control,8,74
26-Feb,Day 2,B,Control,9,69
26-Feb,Day 2,B,Control,10,51
26-Feb,Day 2,B,Control,11,49
26-Feb,Day 2,B,Control,12,39
26-Feb,Day 2,C,B-Field,1,31
26-Feb,Day 2,C,B-Field,2,43
26-Feb,Day 2,C,B-Field,3,15
26-Feb,Day 2,C,B-Field,4,79
26-Feb,Day 2,C,B-Field,5,62
26-Feb,Day 2,C,B-Field,6,40
26-Feb,Day 2,C,B-Field,7,76
26-Feb,Day 2,C,B-Field,8,33
26-Feb,Day 2,C,B-Field,9,43
26-Feb,Day 2,C,B-Field,10,13
26-Feb,Day 2,C,B-Field,11,41
26-Feb,Day 2,C,B-Field,12,41
26-Feb,Day 2,D,B-Field,1,15
26-Feb,Day 2,D,B-Field,2,58
26-Feb,Day 2,D,B-Field,3,50
26-Feb,Day 2,D,B-Field,4,29
26-Feb,Day 2,D,B-Field,5,33
26-Feb,Day 2,D,B-Field,6,23
26-Feb,Day 2,D,B-Field,7,26
26-Feb,Day 2,D,B-Field,8,39
26-Feb,Day 2,D,B-Field,9,40
26-Feb,Day 2,D,B-Field,10,38
26-Feb,Day 2,D,B-Field,11,32
26-Feb,Day 3,D,B-Field,12,30
27-Feb,Day 3,A,Control,1,28
27-Feb,Day 3,A,Control,2,48
27-Feb,Day 3,A,Control,3,36
27-Feb,Day 3,A,Control,4,73
27-Feb,Day 3,A,Control,5,35
27-Feb,Day 3,A,Control,6,52
27-Feb,Day 3,A,Control,7,59
27-Feb,Day 3,A,Control,8,45
27-Feb,Day 3,A,Control,9,61
27-Feb,Day 3,A,Control,10,52
27-Feb,Day 3,A,Control,11,49
27-Feb,Day 3,A,Control,12,44
27-Feb,Day 3,B,Control,1,57
27-Feb,Day 3,B,Control,2,25
27-Feb,Day 3,B,Control,3,30
27-Feb,Day 3,B,Control,4,42
27-Feb,Day 3,B,Control,5,44
27-Feb,Day 3,B,Control,6,64
27-Feb,Day 3,B,Control,7,43
27-Feb,Day 3,B,Control,8,74
27-Feb,Day 3,B,Control,9,60
27-Feb,Day 3,B,Control,10,40
27-Feb,Day 3,B,Control,11,80
27-Feb,Day 3,B,Control,12,42
27-Feb,Day 3,C,B-Field,1,35
27-Feb,Day 3,C,B-Field,2,29
27-Feb,Day 3,C,B-Field,3,24
27-Feb,Day 3,C,B-Field,4,23
27-Feb,Day 3,C,B-Field,5,21
27-Feb,Day 3,C,B-Field,6,30
27-Feb,Day 3,C,B-Field,7,41
27-Feb,Day 3,C,B-Field,8,91
27-Feb,Day 3,C,B-Field,9,22
27-Feb,Day 3,C,B-Field,10,35
27-Feb,Day 3,C,B-Field,11,45
27-Feb,Day 3,C,B-Field,12,60
27-Feb,Day 3,D,B-Field,1,33
27-Feb,Day 3,D,B-Field,2,38
27-Feb,Day 3,D,B-Field,3,47
27-Feb,Day 3,D,B-Field,4,14
27-Feb,Day 3,D,B-Field,5,42
27-Feb,Day 3,D,B-Field,6,33
27-Feb,Day 3,D,B-Field,7,44
27-Feb,Day 3,D,B-Field,8,72
27-Feb,Day 3,D,B-Field,9,2
27-Feb,Day 3,D,B-Field,10,28
27-Feb,Day 3,D,B-Field,11,56
27-Feb,Day 3,D,B-Field,12,54
28-Feb,Day 4,A,Control,1,35
28-Feb,Day 4,A,Control,2,68
28-Feb,Day 4,A,Control,3,44
28-Feb,Day 4,A,Control,4,65
28-Feb,Day 4,A,Control,5,122
28-Feb,Day 4,A,Control,6,46
28-Feb,Day 4,A,Control,7,55
28-Feb,Day 4,A,Control,8,67
28-Feb,Day 4,A,Control,9,96
28-Feb,Day 4,A,Control,10,57
28-Feb,Day 4,A,Control,11,98
28-Feb,Day 4,A,Control,12,49
28-Feb,Day 4,B,Control,1,49
28-Feb,Day 4,B,Control,2,51
28-Feb,Day 4,B,Control,3,76
28-Feb,Day 4,B,Control,4,52
28-Feb,Day 4,B,Control,5,43
28-Feb,Day 4,B,Control,6,67
28-Feb,Day 4,B,Control,7,142
28-Feb,Day 4,B,Control,8,63
28-Feb,Day 4,B,Control,9,66
28-Feb,Day 4,B,Control,10,65
28-Feb,Day 4,B,Control,11,80
28-Feb,Day 4,B,Control,12,71
28-Feb,Day 4,C,B-Field,1,50
28-Feb,Day 4,C,B-Field,2,37
28-Feb,Day 4,C,B-Field,3,47
28-Feb,Day 4,C,B-Field,4,73
28-Feb,Day 4,C,B-Field,5,58
28-Feb,Day 4,C,B-Field,6,64
28-Feb,Day 4,C,B-Field,7,63
28-Feb,Day 4,C,B-Field,8,68
28-Feb,Day 4,C,B-Field,9,41
28-Feb,Day 4,C,B-Field,10,36
28-Feb,Day 4,C,B-Field,11,33
28-Feb,Day 4,C,B-Field,12,75
28-Feb,Day 4,D,B-Field,1,85
28-Feb,Day 4,D,B-Field,2,33
28-Feb,Day 4,D,B-Field,3,67
28-Feb,Day 4,D,B-Field,4,48
28-Feb,Day 4,D,B-Field,5,35
28-Feb,Day 4,D,B-Field,6,76
28-Feb,Day 4,D,B-Field,7,80
28-Feb,Day 4,D,B-Field,8,64
28-Feb,Day 4,D,B-Field,9,97
28-Feb,Day 4,D,B-Field,10,79
28-Feb,Day 4,D,B-Field,11,45
28-Feb,Day 4,D,B-Field,12,30
1-Mar,Day 5,A,Control,1,61
1-Mar,Day 5,A,Control,2,152
1-Mar,Day 5,A,Control,3,145
1-Mar,Day 5,A,Control,4,90
1-Mar,Day 5,A,Control,5,49
1-Mar,Day 5,A,Control,6,29
1-Mar,Day 5,A,Control,7,47
1-Mar,Day 5,A,Control,8,129
1-Mar,Day 5,A,Control,9,115
1-Mar,Day 5,A,Control,10,77
1-Mar,Day 5,A,Control,11,79
1-Mar,Day 5,A,Control,12,95
1-Mar,Day 5,B,Control,1,52
1-Mar,Day 5,B,Control,2,72
1-Mar,Day 5,B,Control,3,94
1-Mar,Day 5,B,Control,4,39
1-Mar,Day 5,B,Control,5,104
1-Mar,Day 5,B,Control,6,69
1-Mar,Day 5,B,Control,7,40
1-Mar,Day 5,B,Control,8,74
1-Mar,Day 5,B,Control,9,164
1-Mar,Day 5,B,Control,10,182
1-Mar,Day 5,B,Control,11,39
1-Mar,Day 5,B,Control,12,60
1-Mar,Day 5,C,B-Field,1,29
1-Mar,Day 5,C,B-Field,2,52
1-Mar,Day 5,C,B-Field,3,84
1-Mar,Day 5,C,B-Field,4,45
1-Mar,Day 5,C,B-Field,5,49
1-Mar,Day 5,C,B-Field,6,103
1-Mar,Day 5,C,B-Field,7,71
1-Mar,Day 5,C,B-Field,8,58
1-Mar,Day 5,C,B-Field,9,64
1-Mar,Day 5,C,B-Field,10,55
1-Mar,Day 5,C,B-Field,11,81
1-Mar,Day 5,C,B-Field,12,62
1-Mar,Day 5,D,B-Field,1,80
1-Mar,Day 5,D,B-Field,2,58
1-Mar,Day 5,D,B-Field,3,106
1-Mar,Day 5,D,B-Field,4,49
1-Mar,Day 5,D,B-Field,5,103
1-Mar,Day 5,D,B-Field,6,30
1-Mar,Day 5,D,B-Field,7,63
1-Mar,Day 5,D,B-Field,8,34
1-Mar,Day 5,D,B-Field,9,69
1-Mar,Day 5,D,B-Field,10,93
1-Mar,Day 5,D,B-Field,11,67
1-Mar,Day 5,D,B-Field,12,112
2-Mar,Day 6,A,Control,1,103
2-Mar,Day 6,A,Control,2,98
2-Mar,Day 6,A,Control,3,139
2-Mar,Day 6,A,Control,4,99
2-Mar,Day 6,A,Control,5,106
2-Mar,Day 6,A,Control,6,62
2-Mar,Day 6,A,Control,7,116
2-Mar,Day 6,A,Control,8,73
2-Mar,Day 6,A,Control,9,203
2-Mar,Day 6,A,Control,10,143
2-Mar,Day 6,A,Control,11,91
2-Mar,Day 6,A,Control,12,77
2-Mar,Day 6,B,Control,1,112
2-Mar,Day 6,B,Control,2,92
2-Mar,Day 6,B,Control,3,132
2-Mar,Day 6,B,Control,4,218
2-Mar,Day 6,B,Control,5,129
2-Mar,Day 6,B,Control,6,102
2-Mar,Day 6,B,Control,7,71
2-Mar,Day 6,B,Control,8,174
2-Mar,Day 6,B,Control,9,178
2-Mar,Day 6,B,Control,10,92
2-Mar,Day 6,B,Control,11,80
2-Mar,Day 6,B,Control,12,143
2-Mar,Day 6,C,B-Field,1,92
2-Mar,Day 6,C,B-Field,2,76
2-Mar,Day 6,C,B-Field,3,70
2-Mar,Day 6,C,B-Field,4,71
2-Mar,Day 6,C,B-Field,5,124
2-Mar,Day 6,C,B-Field,6,94
2-Mar,Day 6,C,B-Field,7,74
2-Mar,Day 6,C,B-Field,8,77
2-Mar,Day 6,C,B-Field,9,68
2-Mar,Day 6,C,B-Field,10,118
2-Mar,Day 6,C,B-Field,11,79
2-Mar,Day 6,C,B-Field,12,69
2-Mar,Day 6,D,B-Field,1,142
2-Mar,Day 6,D,B-Field,2,47
2-Mar,Day 6,D,B-Field,3,107
2-Mar,Day 6,D,B-Field,4,93
2-Mar,Day 6,D,B-Field,5,139
2-Mar,Day 6,D,B-Field,6,69
2-Mar,Day 6,D,B-Field,7,78
2-Mar,Day 6,D,B-Field,8,117
2-Mar,Day 6,D,B-Field,9,89
2-Mar,Day 6,D,B-Field,10,59
2-Mar,Day 6,D,B-Field,11,93
2-Mar,Day 6,D,B-Field,12,66
3-Mar,Day 7,A,Control,1,171
3-Mar,Day 7,A,Control,2,195
3-Mar,Day 7,A,Control,3,165
3-Mar,Day 7,A,Control,4,234
3-Mar,Day 7,A,Control,5,144
3-Mar,Day 7,A,Control,6,154
3-Mar,Day 7,A,Control,7,127
3-Mar,Day 7,A,Control,8,126
3-Mar,Day 7,A,Control,9,144
3-Mar,Day 7,A,Control,10,185
3-Mar,Day 7,A,Control,11,180
3-Mar,Day 7,A,Control,12,225
3-Mar,Day 7,B,Control,1,252
3-Mar,Day 7,B,Control,2,117
3-Mar,Day 7,B,Control,3,147
3-Mar,Day 7,B,Control,4,88
3-Mar,Day 7,B,Control,5,125
3-Mar,Day 7,B,Control,6,149
3-Mar,Day 7,B,Control,7,113
3-Mar,Day 7,B,Control,8,118
3-Mar,Day 7,B,Control,9,115
3-Mar,Day 7,B,Control,10,263
3-Mar,Day 7,B,Control,11,105
3-Mar,Day 7,B,Control,12,212
3-Mar,Day 7,C,B-Field,1,112
3-Mar,Day 7,C,B-Field,2,142
3-Mar,Day 7,C,B-Field,3,160
3-Mar,Day 7,C,B-Field,4,171
3-Mar,Day 7,C,B-Field,5,99
3-Mar,Day 7,C,B-Field,6,126
3-Mar,Day 7,C,B-Field,7,162
3-Mar,Day 7,C,B-Field,8,90
3-Mar,Day 7,C,B-Field,9,81
3-Mar,Day 7,C,B-Field,10,157
3-Mar,Day 7,C,B-Field,11,118
3-Mar,Day 7,C,B-Field,12,142
3-Mar,Day 7,D,B-Field,1,117
3-Mar,Day 7,D,B-Field,2,95
3-Mar,Day 7,D,B-Field,3,194
3-Mar,Day 7,D,B-Field,4,136
3-Mar,Day 7,D,B-Field,5,133
3-Mar,Day 7,D,B-Field,6,161
3-Mar,Day 7,D,B-Field,7,212
3-Mar,Day 7,D,B-Field,8,150
3-Mar,Day 7,D,B-Field,9,133
3-Mar,Day 7,D,B-Field,10,162
3-Mar,Day 7,D,B-Field,11,80
3-Mar,Day 7,D,B-Field,12,279
4-Mar,Day 1,A,Control,1,33
4-Mar,Day 1,A,Control,2,35
4-Mar,Day 1,A,Control,3,78
4-Mar,Day 1,A,Control,4,30
4-Mar,Day 1,A,Control,5,18
4-Mar,Day 1,A,Control,6,24
4-Mar,Day 1,A,Control,7,60
4-Mar,Day 1,A,Control,8,30
4-Mar,Day 1,A,Control,9,31
4-Mar,Day 1,A,Control,10,25
4-Mar,Day 1,A,Control,11,39
4-Mar,Day 1,A,Control,12,63
4-Mar,Day 1,B,Control,1,36
4-Mar,Day 1,B,Control,2,34
4-Mar,Day 1,B,Control,3,67
4-Mar,Day 1,B,Control,4,38
4-Mar,Day 1,B,Control,5,30
4-Mar,Day 1,B,Control,6,59
4-Mar,Day 1,B,Control,7,40
4-Mar,Day 1,B,Control,8,69
4-Mar,Day 1,B,Control,9,62
4-Mar,Day 1,B,Control,10,39
4-Mar,Day 1,B,Control,11,50
4-Mar,Day 1,B,Control,12,57
4-Mar,Day 1,C,B-Field,1,43
4-Mar,Day 1,C,B-Field,2,62
4-Mar,Day 1,C,B-Field,3,52
4-Mar,Day 1,C,B-Field,4,38
4-Mar,Day 1,C,B-Field,5,49
4-Mar,Day 1,C,B-Field,6,51
4-Mar,Day 1,C,B-Field,7,72
4-Mar,Day 1,C,B-Field,8,53
4-Mar,Day 1,C,B-Field,9,45
4-Mar,Day 1,C,B-Field,10,49
4-Mar,Day 1,C,B-Field,11,47
4-Mar,Day 1,C,B-Field,12,82
4-Mar,Day 1,D,B-Field,1,22
4-Mar,Day 1,D,B-Field,2,65
4-Mar,Day 1,D,B-Field,3,82
4-Mar,Day 1,D,B-Field,4,14
4-Mar,Day 1,D,B-Field,5,26
4-Mar,Day 1,D,B-Field,6,51
4-Mar,Day 1,D,B-Field,7,85
4-Mar,Day 1,D,B-Field,8,68
4-Mar,Day 1,D,B-Field,9,57
4-Mar,Day 1,D,B-Field,10,66
4-Mar,Day 1,D,B-Field,11,55
4-Mar,Day 1,D,B-Field,12,68
5-Mar,Day 2,A,Control,1,39
5-Mar,Day 2,A,Control,2,37
5-Mar,Day 2,A,Control,3,63
5-Mar,Day 2,A,Control,4,65
5-Mar,Day 2,A,Control,5,47
5-Mar,Day 2,A,Control,6,14
5-Mar,Day 2,A,Control,7,43
5-Mar,Day 2,A,Control,8,42
5-Mar,Day 2,A,Control,9,117
5-Mar,Day 2,A,Control,10,54
5-Mar,Day 2,A,Control,11,48
5-Mar,Day 2,A,Control,12,53
5-Mar,Day 2,B,Control,1,67
5-Mar,Day 2,B,Control,2,52
5-Mar,Day 2,B,Control,3,59
5-Mar,Day 2,B,Control,4,42
5-Mar,Day 2,B,Control,5,37
5-Mar,Day 2,B,Control,6,44
5-Mar,Day 2,B,Control,7,85
5-Mar,Day 2,B,Control,8,78
5-Mar,Day 2,B,Control,9,114
5-Mar,Day 2,B,Control,10,76
5-Mar,Day 2,B,Control,11,119
5-Mar,Day 2,B,Control,12,74
5-Mar,Day 2,C,B-Field,1,71
5-Mar,Day 2,C,B-Field,2,97
5-Mar,Day 2,C,B-Field,3,98
5-Mar,Day 2,C,B-Field,4,144
5-Mar,Day 2,C,B-Field,5,74
5-Mar,Day 2,C,B-Field,6,55
5-Mar,Day 2,C,B-Field,7,115
5-Mar,Day 2,C,B-Field,8,49
5-Mar,Day 2,C,B-Field,9,124
5-Mar,Day 2,C,B-Field,10,219
5-Mar,Day 2,C,B-Field,11,77
5-Mar,Day 2,C,B-Field,12,81
5-Mar,Day 2,D,B-Field,1,82
5-Mar,Day 2,D,B-Field,2,136
5-Mar,Day 2,D,B-Field,3,232
5-Mar,Day 2,D,B-Field,4,53
5-Mar,Day 2,D,B-Field,5,38
5-Mar,Day 2,D,B-Field,6,14
5-Mar,Day 2,D,B-Field,7,56
5-Mar,Day 2,D,B-Field,8,98
5-Mar,Day 2,D,B-Field,9,129
5-Mar,Day 2,D,B-Field,10,164
5-Mar,Day 2,D,B-Field,11,118
6-Mar,Day 3,D,B-Field,12,183
6-Mar,Day 3,A,Control,1,32
6-Mar,Day 3,A,Control,2,48
6-Mar,Day 3,A,Control,3,79
6-Mar,Day 3,A,Control,4,50
6-Mar,Day 3,A,Control,5,52
6-Mar,Day 3,A,Control,6,36
6-Mar,Day 3,A,Control,7,70
6-Mar,Day 3,A,Control,8,55
6-Mar,Day 3,A,Control,9,160
6-Mar,Day 3,A,Control,10,66
6-Mar,Day 3,A,Control,11,122
6-Mar,Day 3,A,Control,12,135
6-Mar,Day 3,B,Control,1,37
6-Mar,Day 3,B,Control,2,45
6-Mar,Day 3,B,Control,3,55
6-Mar,Day 3,B,Control,4,64
6-Mar,Day 3,B,Control,5,54
6-Mar,Day 3,B,Control,6,115
6-Mar,Day 3,B,Control,7,52
6-Mar,Day 3,B,Control,8,81
6-Mar,Day 3,B,Control,9,161
6-Mar,Day 3,B,Control,10,84
6-Mar,Day 3,B,Control,11,233
6-Mar,Day 3,B,Control,12,82
6-Mar,Day 3,C,B-Field,1,109
6-Mar,Day 3,C,B-Field,2,98
6-Mar,Day 3,C,B-Field,3,128
6-Mar,Day 3,C,B-Field,4,120
6-Mar,Day 3,C,B-Field,5,80
6-Mar,Day 3,C,B-Field,6,83
6-Mar,Day 3,C,B-Field,7,89
6-Mar,Day 3,C,B-Field,8,113
6-Mar,Day 3,C,B-Field,9,95
6-Mar,Day 3,C,B-Field,10,304
6-Mar,Day 3,C,B-Field,11,152
6-Mar,Day 3,C,B-Field,12,123
6-Mar,Day 3,D,B-Field,1,85
6-Mar,Day 3,D,B-Field,2,71
6-Mar,Day 3,D,B-Field,3,260
6-Mar,Day 3,D,B-Field,4,59
6-Mar,Day 3,D,B-Field,5,16
6-Mar,Day 3,D,B-Field,6,50
6-Mar,Day 3,D,B-Field,7,177
6-Mar,Day 3,D,B-Field,8,93
6-Mar,Day 3,D,B-Field,9,227
6-Mar,Day 3,D,B-Field,10,324
6-Mar,Day 3,D,B-Field,11,131
6-Mar,Day 3,D,B-Field,12,243
7-Mar,Day 4,A,Control,1,91
7-Mar,Day 4,A,Control,2,94
7-Mar,Day 4,A,Control,3,214
7-Mar,Day 4,A,Control,4,111
7-Mar,Day 4,A,Control,5,66
7-Mar,Day 4,A,Control,6,123
7-Mar,Day 4,A,Control,7,75
7-Mar,Day 4,A,Control,8,162
7-Mar,Day 4,A,Control,9,224
7-Mar,Day 4,A,Control,10,165
7-Mar,Day 4,A,Control,11,125
7-Mar,Day 4,A,Control,12,384
7-Mar,Day 4,B,Control,1,96
7-Mar,Day 4,B,Control,2,122
7-Mar,Day 4,B,Control,3,146
7-Mar,Day 4,B,Control,4,58
7-Mar,Day 4,B,Control,5,52
7-Mar,Day 4,B,Control,6,121
7-Mar,Day 4,B,Control,7,284
7-Mar,Day 4,B,Control,8,153
7-Mar,Day 4,B,Control,9,229
7-Mar,Day 4,B,Control,10,148
7-Mar,Day 4,B,Control,11,417
7-Mar,Day 4,B,Control,12,389
7-Mar,Day 4,C,B-Field,1,222
7-Mar,Day 4,C,B-Field,2,227
7-Mar,Day 4,C,B-Field,3,294
7-Mar,Day 4,C,B-Field,4,288
7-Mar,Day 4,C,B-Field,5,106
7-Mar,Day 4,C,B-Field,6,148
7-Mar,Day 4,C,B-Field,7,192
7-Mar,Day 4,C,B-Field,8,323
7-Mar,Day 4,C,B-Field,9,739
7-Mar,Day 4,C,B-Field,10,221
7-Mar,Day 4,C,B-Field,11,304
7-Mar,Day 4,C,B-Field,12,236
7-Mar,Day 4,D,B-Field,1,162
7-Mar,Day 4,D,B-Field,2,243
7-Mar,Day 4,D,B-Field,3,191
7-Mar,Day 4,D,B-Field,4,40
7-Mar,Day 4,D,B-Field,5,58
7-Mar,Day 4,D,B-Field,6,113
7-Mar,Day 4,D,B-Field,7,251
7-Mar,Day 4,D,B-Field,8,293
7-Mar,Day 4,D,B-Field,9,368
7-Mar,Day 4,D,B-Field,10,694
7-Mar,Day 4,D,B-Field,11,226
7-Mar,Day 4,D,B-Field,12,302
8-Mar,Day 5,A,Control,1,181
8-Mar,Day 5,A,Control,2,213
8-Mar,Day 5,A,Control,3,300
8-Mar,Day 5,A,Control,4,188
8-Mar,Day 5,A,Control,5,145
8-Mar,Day 5,A,Control,6,146
8-Mar,Day 5,A,Control,7,183
8-Mar,Day 5,A,Control,8,230
8-Mar,Day 5,A,Control,9,382
8-Mar,Day 5,A,Control,10,276
8-Mar,Day 5,A,Control,11,91
8-Mar,Day 5,A,Control,12,403
8-Mar,Day 5,B,Control,1,89
8-Mar,Day 5,B,Control,2,196
8-Mar,Day 5,B,Control,3,161
8-Mar,Day 5,B,Control,4,88
8-Mar,Day 5,B,Control,5,194
8-Mar,Day 5,B,Control,6,127
8-Mar,Day 5,B,Control,7,204
8-Mar,Day 5,B,Control,8,705
8-Mar,Day 5,B,Control,9,474
8-Mar,Day 5,B,Control,10,266
8-Mar,Day 5,B,Control,11,164
8-Mar,Day 5,B,Control,12,243
8-Mar,Day 5,C,B-Field,1,262
8-Mar,Day 5,C,B-Field,2,359
8-Mar,Day 5,C,B-Field,3,296
8-Mar,Day 5,C,B-Field,4,517
8-Mar,Day 5,C,B-Field,5,384
8-Mar,Day 5,C,B-Field,6,404
8-Mar,Day 5,C,B-Field,7,376
8-Mar,Day 5,C,B-Field,8,844
8-Mar,Day 5,C,B-Field,9,391
8-Mar,Day 5,C,B-Field,10,426
8-Mar,Day 5,C,B-Field,11,924
8-Mar,Day 5,C,B-Field,12,339
8-Mar,Day 5,D,B-Field,1,185
8-Mar,Day 5,D,B-Field,2,324
8-Mar,Day 5,D,B-Field,3,193
8-Mar,Day 5,D,B-Field,4,40
8-Mar,Day 5,D,B-Field,5,99
8-Mar,Day 5,D,B-Field,6,229
8-Mar,Day 5,D,B-Field,7,704
8-Mar,Day 5,D,B-Field,8,417
8-Mar,Day 5,D,B-Field,9,309
8-Mar,Day 5,D,B-Field,10,467
8-Mar,Day 5,D,B-Field,11,873
8-Mar,Day 5,D,B-Field,12,386
9-Mar,Day 6,A,Control,1,319
9-Mar,Day 6,A,Control,2,443
9-Mar,Day 6,A,Control,3,414
9-Mar,Day 6,A,Control,4,291
9-Mar,Day 6,A,Control,5,210
9-Mar,Day 6,A,Control,6,250
9-Mar,Day 6,A,Control,7,304
9-Mar,Day 6,A,Control,8,543
9-Mar,Day 6,A,Control,9,452
9-Mar,Day 6,A,Control,10,386
9-Mar,Day 6,A,Control,11,517
9-Mar,Day 6,A,Control,12,924
9-Mar,Day 6,B,Control,1,291
9-Mar,Day 6,B,Control,2,373
9-Mar,Day 6,B,Control,3,232
9-Mar,Day 6,B,Control,4,382
9-Mar,Day 6,B,Control,5,321
9-Mar,Day 6,B,Control,6,304
9-Mar,Day 6,B,Control,7,261
9-Mar,Day 6,B,Control,8,432
9-Mar,Day 6,B,Control,9,986
9-Mar,Day 6,B,Control,10,506
9-Mar,Day 6,B,Control,11,472
9-Mar,Day 6,B,Control,12,223
9-Mar,Day 6,C,B-Field,1,436
9-Mar,Day 6,C,B-Field,2,502
9-Mar,Day 6,C,B-Field,3,612
9-Mar,Day 6,C,B-Field,4,973
9-Mar,Day 6,C,B-Field,5,881
9-Mar,Day 6,C,B-Field,6,451
9-Mar,Day 6,C,B-Field,7,316
9-Mar,Day 6,C,B-Field,8,346
9-Mar,Day 6,C,B-Field,9,525
9-Mar,Day 6,C,B-Field,10,492
9-Mar,Day 6,C,B-Field,11,507
9-Mar,Day 6,C,B-Field,12,721
9-Mar,Day 6,D,B-Field,1,431
9-Mar,Day 6,D,B-Field,2,567
9-Mar,Day 6,D,B-Field,3,734
9-Mar,Day 6,D,B-Field,4,95
9-Mar,Day 6,D,B-Field,5,134
9-Mar,Day 6,D,B-Field,6,218
9-Mar,Day 6,D,B-Field,7,328
9-Mar,Day 6,D,B-Field,8,982
9-Mar,Day 6,D,B-Field,9,874
9-Mar,Day 6,D,B-Field,10,501
9-Mar,Day 6,D,B-Field,11,349
9-Mar,Day 6,D,B-Field,12,926
10-Mar,Day 7,A,Control,1,433
10-Mar,Day 7,A,Control,2,521
10-Mar,Day 7,A,Control,3,568
10-Mar,Day 7,A,Control,4,492
10-Mar,Day 7,A,Control,5,456
10-Mar,Day 7,A,Control,6,502
10-Mar,Day 7,A,Control,7,622
10-Mar,Day 7,A,Control,8,515
10-Mar,Day 7,A,Control,9,842
10-Mar,Day 7,A,Control,10,462
10-Mar,Day 7,A,Control,11,634
10-Mar,Day 7,A,Control,12,908
10-Mar,Day 7,B,Control,1,562
10-Mar,Day 7,B,Control,2,653
10-Mar,Day 7,B,Control,3,813
10-Mar,Day 7,B,Control,4,527
10-Mar,Day 7,B,Control,5,479
10-Mar,Day 7,B,Control,6,384
10-Mar,Day 7,B,Control,7,694
10-Mar,Day 7,B,Control,8,296
10-Mar,Day 7,B,Control,9,552
10-Mar,Day 7,B,Control,10,673
10-Mar,Day 7,B,Control,11,633
10-Mar,Day 7,B,Control,12,912
10-Mar,Day 7,C,B-Field,1,946
10-Mar,Day 7,C,B-Field,2,511
10-Mar,Day 7,C,B-Field,3,464
10-Mar,Day 7,C,B-Field,4,489
10-Mar,Day 7,C,B-Field,5,762
10-Mar,Day 7,C,B-Field,6,551
10-Mar,Day 7,C,B-Field,7,634
10-Mar,Day 7,C,B-Field,8,212
10-Mar,Day 7,C,B-Field,9,317
10-Mar,Day 7,C,B-Field,10,823
10-Mar,Day 7,C,B-Field,11,394
10-Mar,Day 7,C,B-Field,12,523
10-Mar,Day 7,D,B-Field,1,452
10-Mar,Day 7,D,B-Field,2,657
10-Mar,Day 7,D,B-Field,3,286
10-Mar,Day 7,D,B-Field,4,258
10-Mar,Day 7,D,B-Field,5,426
10-Mar,Day 7,D,B-Field,6,604
10-Mar,Day 7,D,B-Field,7,844
10-Mar,Day 7,D,B-Field,8,492
10-Mar,Day 7,D,B-Field,9,524
10-Mar,Day 7,D,B-Field,10,481
10-Mar,Day 7,D,B-Field,11,46
10-Mar,Day 7,D,B-Field,12,953
11-Mar,Day 1,A,Control,1,129
11-Mar,Day 1,A,Control,2,60
11-Mar,Day 1,A,Control,3,35
11-Mar,Day 1,A,Control,4,98
11-Mar,Day 1,A,Control,5,73
11-Mar,Day 1,A,Control,6,52
11-Mar,Day 1,A,Control,7,102
11-Mar,Day 1,A,Control,8,100
11-Mar,Day 1,A,Control,9,97
11-Mar,Day 1,A,Control,10,58
11-Mar,Day 1,A,Control,11,157
11-Mar,Day 1,A,Control,12,73
11-Mar,Day 1,B,Control,1,64
11-Mar,Day 1,B,Control,2,70
11-Mar,Day 1,B,Control,3,63
11-Mar,Day 1,B,Control,4,55
11-Mar,Day 1,B,Control,5,56
11-Mar,Day 1,B,Control,6,66
11-Mar,Day 1,B,Control,7,55
11-Mar,Day 1,B,Control,8,60
11-Mar,Day 1,B,Control,9,79
11-Mar,Day 1,B,Control,10,84
11-Mar,Day 1,B,Control,11,58
11-Mar,Day 1,B,Control,12,54
11-Mar,Day 1,C,B-Field,1,67
11-Mar,Day 1,C,B-Field,2,68
11-Mar,Day 1,C,B-Field,3,67
11-Mar,Day 1,C,B-Field,4,61
11-Mar,Day 1,C,B-Field,5,50
11-Mar,Day 1,C,B-Field,6,59
11-Mar,Day 1,C,B-Field,7,41
11-Mar,Day 1,C,B-Field,8,87
11-Mar,Day 1,C,B-Field,9,63
11-Mar,Day 1,C,B-Field,10,148
11-Mar,Day 1,C,B-Field,11,43
11-Mar,Day 1,C,B-Field,12,102
11-Mar,Day 1,D,B-Field,1,64
11-Mar,Day 1,D,B-Field,2,53
11-Mar,Day 1,D,B-Field,3,62
11-Mar,Day 1,D,B-Field,4,52
11-Mar,Day 1,D,B-Field,5,96
11-Mar,Day 1,D,B-Field,6,62
11-Mar,Day 1,D,B-Field,7,111
11-Mar,Day 1,D,B-Field,8,80
11-Mar,Day 1,D,B-Field,9,55
11-Mar,Day 1,D,B-Field,10,121
11-Mar,Day 1,D,B-Field,11,98
11-Mar,Day 1,D,B-Field,12,34
12-Mar,Day 2,A,Control,1,164
12-Mar,Day 2,A,Control,2,92
12-Mar,Day 2,A,Control,3,60
12-Mar,Day 2,A,Control,4,88
12-Mar,Day 2,A,Control,5,117
12-Mar,Day 2,A,Control,6,85
12-Mar,Day 2,A,Control,7,156
12-Mar,Day 2,A,Control,8,83
12-Mar,Day 2,A,Control,9,135
12-Mar,Day 2,A,Control,10,84
12-Mar,Day 2,A,Control,11,140
12-Mar,Day 2,A,Control,12,159
12-Mar,Day 2,B,Control,1,95
12-Mar,Day 2,B,Control,2,107
12-Mar,Day 2,B,Control,3,129
12-Mar,Day 2,B,Control,4,75
12-Mar,Day 2,B,Control,5,96
12-Mar,Day 2,B,Control,6,75
12-Mar,Day 2,B,Control,7,101
12-Mar,Day 2,B,Control,8,107
12-Mar,Day 2,B,Control,9,98
12-Mar,Day 2,B,Control,10,121
12-Mar,Day 2,B,Control,11,94
12-Mar,Day 2,B,Control,12,117
12-Mar,Day 2,C,B-Field,1,76
12-Mar,Day 2,C,B-Field,2,123
12-Mar,Day 2,C,B-Field,3,170
12-Mar,Day 2,C,B-Field,4,152
12-Mar,Day 2,C,B-Field,5,114
12-Mar,Day 2,C,B-Field,6,132
12-Mar,Day 2,C,B-Field,7,103
12-Mar,Day 2,C,B-Field,8,101
12-Mar,Day 2,C,B-Field,9,136
12-Mar,Day 2,C,B-Field,10,169
12-Mar,Day 2,C,B-Field,11,108
12-Mar,Day 2,C,B-Field,12,107
12-Mar,Day 2,D,B-Field,1,74
12-Mar,Day 2,D,B-Field,2,104
12-Mar,Day 2,D,B-Field,3,96
12-Mar,Day 2,D,B-Field,4,73
12-Mar,Day 2,D,B-Field,5,145
12-Mar,Day 2,D,B-Field,6,120
12-Mar,Day 2,D,B-Field,7,137
12-Mar,Day 2,D,B-Field,8,218
12-Mar,Day 2,D,B-Field,9,193
12-Mar,Day 2,D,B-Field,10,191
12-Mar,Day 2,D,B-Field,11,111
13-Mar,Day 2,D,B-Field,12,130
13-Mar,Day 3,A,Control,1,275
13-Mar,Day 3,A,Control,2,201
13-Mar,Day 3,A,Control,3,175
13-Mar,Day 3,A,Control,4,163
13-Mar,Day 3,A,Control,5,177
13-Mar,Day 3,A,Control,6,138
13-Mar,Day 3,A,Control,7,282
13-Mar,Day 3,A,Control,8,263
13-Mar,Day 3,A,Control,9,271
13-Mar,Day 3,A,Control,10,247
13-Mar,Day 3,A,Control,11,562
13-Mar,Day 3,A,Control,12,486
13-Mar,Day 3,B,Control,1,272
13-Mar,Day 3,B,Control,2,181
13-Mar,Day 3,B,Control,3,153
13-Mar,Day 3,B,Control,4,267
13-Mar,Day 3,B,Control,5,112
13-Mar,Day 3,B,Control,6,173
13-Mar,Day 3,B,Control,7,177
13-Mar,Day 3,B,Control,8,216
13-Mar,Day 3,B,Control,9,211
13-Mar,Day 3,B,Control,10,382
13-Mar,Day 3,B,Control,11,294
13-Mar,Day 3,B,Control,12,152
13-Mar,Day 3,C,B-Field,1,202
13-Mar,Day 3,C,B-Field,2,156
13-Mar,Day 3,C,B-Field,3,247
13-Mar,Day 3,C,B-Field,4,311
13-Mar,Day 3,C,B-Field,5,402
13-Mar,Day 3,C,B-Field,6,317
13-Mar,Day 3,C,B-Field,7,228
13-Mar,Day 3,C,B-Field,8,452
13-Mar,Day 3,C,B-Field,9,321
13-Mar,Day 3,C,B-Field,10,180
13-Mar,Day 3,C,B-Field,11,336
13-Mar,Day 3,C,B-Field,12,282
13-Mar,Day 3,D,B-Field,1,183
13-Mar,Day 3,D,B-Field,2,148
13-Mar,Day 3,D,B-Field,3,170
13-Mar,Day 3,D,B-Field,4,166
13-Mar,Day 3,D,B-Field,5,137
13-Mar,Day 3,D,B-Field,6,313
13-Mar,Day 3,D,B-Field,7,532
13-Mar,Day 3,D,B-Field,8,445
13-Mar,Day 3,D,B-Field,9,507
13-Mar,Day 3,D,B-Field,10,321
13-Mar,Day 3,D,B-Field,11,389
13-Mar,Day 3,D,B-Field,12,281
14-Mar,Day 4,A,Control,1,379
14-Mar,Day 4,A,Control,2,492
14-Mar,Day 4,A,Control,3,405
14-Mar,Day 4,A,Control,4,175
14-Mar,Day 4,A,Control,5,316
14-Mar,Day 4,A,Control,6,431
14-Mar,Day 4,A,Control,7,481
14-Mar,Day 4,A,Control,8,562
14-Mar,Day 4,A,Control,9,811
14-Mar,Day 4,A,Control,10,632
14-Mar,Day 4,A,Control,11,282
14-Mar,Day 4,A,Control,12,356
14-Mar,Day 4,B,Control,1,466
14-Mar,Day 4,B,Control,2,315
14-Mar,Day 4,B,Control,3,224
14-Mar,Day 4,B,Control,4,320
14-Mar,Day 4,B,Control,5,372
14-Mar,Day 4,B,Control,6,313
14-Mar,Day 4,B,Control,7,342
14-Mar,Day 4,B,Control,8,330
14-Mar,Day 4,B,Control,9,824
14-Mar,Day 4,B,Control,10,504
14-Mar,Day 4,B,Control,11,492
14-Mar,Day 4,B,Control,12,576
14-Mar,Day 4,C,B-Field,1,353
14-Mar,Day 4,C,B-Field,2,308
14-Mar,Day 4,C,B-Field,3,318
14-Mar,Day 4,C,B-Field,4,469
14-Mar,Day 4,C,B-Field,5,456
14-Mar,Day 4,C,B-Field,6,434
14-Mar,Day 4,C,B-Field,7,517
14-Mar,Day 4,C,B-Field,8,671
14-Mar,Day 4,C,B-Field,9,886
14-Mar,Day 4,C,B-Field,10,794
14-Mar,Day 4,C,B-Field,11,687
14-Mar,Day 4,C,B-Field,12,523
14-Mar,Day 4,D,B-Field,1,301
14-Mar,Day 4,D,B-Field,2,323
14-Mar,Day 4,D,B-Field,3,315
14-Mar,Day 4,D,B-Field,4,257
14-Mar,Day 4,D,B-Field,5,378
14-Mar,Day 4,D,B-Field,6,526
14-Mar,Day 4,D,B-Field,7,844
14-Mar,Day 4,D,B-Field,8,769
14-Mar,Day 4,D,B-Field,9,635
14-Mar,Day 4,D,B-Field,10,408
14-Mar,Day 4,D,B-Field,11,836
14-Mar,Day 4,D,B-Field,12,286
15-Mar,Day 5,A,Control,1,603
15-Mar,Day 5,A,Control,2,734
15-Mar,Day 5,A,Control,3,826
15-Mar,Day 5,A,Control,4,484
15-Mar,Day 5,A,Control,5,517
15-Mar,Day 5,A,Control,6,915
15-Mar,Day 5,A,Control,7,532
15-Mar,Day 5,A,Control,8,984
15-Mar,Day 5,A,Control,9,0
15-Mar,Day 5,A,Control,10,31
15-Mar,Day 5,A,Control,11,463
15-Mar,Day 5,A,Control,12,589
15-Mar,Day 5,B,Control,1,951
15-Mar,Day 5,B,Control,2,813
15-Mar,Day 5,B,Control,3,886
15-Mar,Day 5,B,Control,4,742
15-Mar,Day 5,B,Control,5,768
15-Mar,Day 5,B,Control,6,453
15-Mar,Day 5,B,Control,7,604
15-Mar,Day 5,B,Control,8,723
15-Mar,Day 5,B,Control,9,311
15-Mar,Day 5,B,Control,10,20
15-Mar,Day 5,B,Control,11,182
15-Mar,Day 5,B,Control,12,406
15-Mar,Day 5,C,B-Field,1,612
15-Mar,Day 5,C,B-Field,2,587
15-Mar,Day 5,C,B-Field,3,984
15-Mar,Day 5,C,B-Field,4,732
15-Mar,Day 5,C,B-Field,5,681
15-Mar,Day 5,C,B-Field,6,997
15-Mar,Day 5,C,B-Field,7,546
15-Mar,Day 5,C,B-Field,8,146
15-Mar,Day 5,C,B-Field,9,322
15-Mar,Day 5,C,B-Field,10,973
15-Mar,Day 5,C,B-Field,11,452
15-Mar,Day 5,C,B-Field,12,63
15-Mar,Day 5,D,B-Field,1,546
15-Mar,Day 5,D,B-Field,2,827
15-Mar,Day 5,D,B-Field,3,792
15-Mar,Day 5,D,B-Field,4,618
15-Mar,Day 5,D,B-Field,5,678
15-Mar,Day 5,D,B-Field,6,779
15-Mar,Day 5,D,B-Field,7,953
15-Mar,Day 5,D,B-Field,8,122
15-Mar,Day 5,D,B-Field,9,212
15-Mar,Day 5,D,B-Field,10,414
15-Mar,Day 5,D,B-Field,11,506
15-Mar,Day 5,D,B-Field,12,674
,,,,,
,,,,,
,,,,,
,,,,,
,,,,,
,,,,,
,,,,,
,,,,,
,,,,,
,,,,,
,,,,,
,,,,,
,,,,,
,,,,,
,,,,,
,,,,,
,,,,,
,,,,,
,,,,,
,,,,,
,,,,,
,,,,,
,,,,,
,,,,,
,,,,,
,,,,,
,,,,,
,,,,,
,,,,,
,,,,,
,,,,,
,,,,,
,,,,,
,,,,,
,,,,,
,,,,,
,,,,,
,,,,,
,,,,,
,,,,,
,,,,,
,,,,,
,,,,,
,,,,,
,,,,,
,,,,,
,,,,,
,,,,,
